{
  "n_qubits": 3,
  "shots": 100,
  "n_samples": 600,
  "targets": [
    "purity",
    "entropy",
    "ghz_fidelity"
  ],
  "model": {
    "mse": [
      0.06849809057225117,
      1.0491229959299853,
      0.009651730888453185
    ],
    "mae": [
      0.2199182709915166,
      0.8608997244080998,
      0.0789870046293961
    ]
  },
  "baseline": {
    "mse": [
      2.1964152164606814,
      1.006998177256384,
      0.01525046179983989
    ],
    "mae": [
      1.4512695919393361,
      0.8704114463817441,
      0.09462472569982235
    ]
  }
}