{
  "shots": [
    50,
    100,
    200,
    400
  ],
  "targets": [
    "purity",
    "entropy",
    "ghz_fidelity"
  ],
  "model_mse": [
    [
      0.07132940880770934,
      0.9477826248864765,
      0.01114774236540844
    ],
    [
      0.06536721775022795,
      0.9853121626385606,
      0.008114798617746477
    ],
    [
      0.04013105396506149,
      0.8088616288628914,
      0.005371844952006338
    ],
    [
      0.03240588342949451,
      0.6523689360783803,
      0.004377401671314735
    ]
  ],
  "baseline_mse": [
    [
      5.479237725254355,
      0.9666021152731407,
      0.028233430549341996
    ],
    [
      2.107656828775361,
      1.034633268512173,
      0.019074228380543932
    ],
    [
      0.5045993299266894,
      0.9562005327661159,
      0.009187125829923167
    ],
    [
      0.1061536095996188,
      0.7956903916684938,
      0.004407681762440308
    ]
  ]
}